숙박업소명,상세주소,카테고리,위도,경도
소노벨천안,충남 천안시 동남구 종합휴양지로 200-0,콘도미니엄,0,0
더메인즈호텔,충남 천안시 동남구 청수11로 34-0,호텔,0,0
독립기념관야영장,충남 천안시 동남구 독립기념관로 1-0,캠핑,0,0
탑클라우드호텔천안점,충남 천안시 동남구 서부역6길 3-0,모텔,0,0
브라운도트호텔천안점,충남 천안시 동남구 큰시장길 7-1,모텔,0,0
상록호텔,충남 천안시 동남구 수신로 576-0,호텔,0,0
브라운도트호텔천안터미널점,충남 천안시 동남구 신부3길 25-0,호텔,0,0
이끌림호텔아비숑본관,충남 천안시 동남구 양지10길 6-0,모텔,0,0
더휴식소륜호텔천안점,충남 천안시 동남구 만남의길 21-0,모텔,0,0
웨스턴호텔,충남 천안시 동남구 신부2길 25-0,호텔,0,0
아우내관광농원 캠핑장,충남 천안시 동남구 관성3길 267-39,캠핑,0,0
유디자인호텔,충남 천안시 동남구 청수11로 28-0,모텔,0,0
천안국민여가캠핑장,충남 천안시 동남구 교촌7길 46-13,캠핑,0,0
호텔얌천안신부점,충남 천안시 동남구 만남의길 8-1,모텔,0,0
KS호텔,충남 천안시 동남구 옛시청길 13-0,모텔,0,0
더휴식아늑호텔천안역1호점,충남 천안시 동남구 양지14길 7-0,모텔,0,0
광성장,충남 천안시 동남구 버들로 136-0,모텔,0,0
호텔월,충남 천안시 동남구 청수11로 24-0,모텔,0,0
숲호텔,충남 천안시 동남구 만남의길 19-10,모텔,0,0
호두나무캠핑장,충남 천안시 동남구 해사동길 15-0,캠핑,0,0
호텔캄캄,충남 천안시 동남구 신부2길 31-0,호텔,0,0
광덕산간이캠핑장,충남 천안시 동남구 광풍로 703-38,캠핑,0,0
천안몽각산힐링뷰캠핑장,충남 천안시 동남구 덕성1길 147-0,캠핑,0,0
프라임호텔,충남 천안시 동남구 신부2길 36-0,모텔,0,0
그린힐모텔,충남 천안시 동남구 목천안터2길 7-0,모텔,0,0
삼방723펜션,충남 천안시 동남구 삼방로 723-0,펜션/민박,0,0
천안프렌즈애견풀빌라빌리지,충남 천안시 동남구 삼방로 911-3,펜션/민박,0,0
블루파크,충남 천안시 동남구 만남의길 8-2,모텔,0,0
메이플무인텔,충남 천안시 동남구 청수11로 36-0,모텔,0,0
엠파이어모텔,충남 천안시 동남구 각원사길 187-14,모텔,0,0
원플러스호텔,충남 천안시 동남구 충절로 902-0,호텔,0,0
반딧불이키즈풀빌라,충남 천안시 동남구 만남의길 20-1,펜션/민박,0,0
캘리포니아,충남 천안시 동남구 신부2길 34-0,모텔,0,0
무지개캠핑장,충남 천안시 동남구 문암로 224-0,캠핑,0,0
몽키캠핑장,충남 천안시 동남구 삼방로 1163-1,캠핑,0,0
